lintang, bujur, kecamatan, jumlah_pembeli
-6.583611, 106.774444, Bogor Barat, 20
-6.618889, 106.807778, Bogor Selatan, 50
-6.595556, 106.796667, Bogor Tengah, 70
-6.604444, 106.813611, Bogor Timur, 80
-6.579444, 106.805, Bogor Utara, 10
-6.568362, 106.800042, Tanah Sareal, 30